SLSQP,Cobyla,SPSA,NELDER_MEAD,AQGD,F_BFGS
17.756882667541504,104.46136164665222,163.19167613983154,137.877947807312,10.746630668640137,103.80209684371948
